{
  "cursor": {
    "n": 14, 
    "cost": 107,
    "cps": 0.2,
    "value": 1.0
   },
 "grandma": {
   "n": 5, 
   "cost": 202,
   "cps": 1, 
   "value": 2.6485148514851486
 }, 
  "farm": {
    "n": 1, 
    "cost": 1265, 
    "cps": 8,
    "value": 3.383399209486166
  }, 
  "mine": {
    "n": 1, 
    "cost": 13800, 
    "cps": 47, 
    "value": 1.8221014492753624
  }
}
